hisco3,hisco,title3,title5
380,38010,Telephone and telegraph operators,Tel. operator
370,37020,"Postal and related clerks, mail carriers, and messengers","Postal, mail, or telegraph clerk"
370,37030,"Postal and related clerks, mail carriers, and messengers",Mail carrier (postman)
370,37040,"Postal and related clerks, mail carriers, and messengers",Messenger
201,20100,Legislative officials,Legislative officials and heads of government
202,20200,Government administrators,Government administrators
585,58500,Prison keepers and guards,Prison keepers and guards
202,20200,Government administrators,Government administrators
370,37040,"Postal and related clerks, mail carriers, and messengers",Messenger
370,37040,"Postal and related clerks, mail carriers, and messengers",Messenger
582,58220,Policemen and detectives,"Policemen and detectives, public service"
310,31090,Government administrators,Government civil servant nec
589,58900,Other protective service workers,Protective service workers nec
310,31090,Government administrators,Government civil servant nec
310,31090,Government administrators,Government civil servant nec
191,19100,"Librarians, archivists and curators","Librarians, archivists and curators"
584,58420,Members of military forces,Military officers
584,58430,Members of military forces,Other members of the armed forces
584,58420,Members of military forces,Military officers
584,58430,Members of military forces,Other members of the armed forces
584,58430,Members of military forces,Other members of the armed forces
584,58420,Members of military forces,Military officers
584,58420,Members of military forces,Military officers
584,58430,Members of military forces,Other members of the armed forces
584,58420,Members of military forces,Military officers
584,58420,Members of military forces,Military officers
584,58420,Members of military forces,Military officers
141,14120,Ministers of religion and members of religious orders,Ministers of religion
141,14120,Ministers of religion and members of religious orders,Ministers of religion
141,14120,Ministers of religion and members of religious orders,Ministers of religion
141,14120,Ministers of religion and members of religious orders,Ministers of religion
141,14120,Ministers of religion and members of religious orders,Ministers of religion
141,14120,Ministers of religion and members of religious orders,Ministers of religion
141,14130,Ministers of religion and members of religious orders,Missionaries
141,14140,Ministers of religion and members of religious orders,Members of religious order
141,14140,Ministers of religion and members of religious orders,Members of religious order
551,55100,Caretakers and janitors,Caretakers and janitors
121,12120,Lawyers,Barristers
121,12130,Lawyers,Solictors
393,39340,Office clerks nec,Legal clerks
129,12900,Jurists nec ,Jurists nec 
61,,Medical doctors and surgeons,
62,6200,Dentists,Dentists
63,6300,Veterinarian,Veterinarian
73,7320,Midwives,Midwife
71,7110,Trained nurses,Trained nurse
72,7220,Nurses nec ,"Medical nurses, untrained or level of training unknown"
65,6500,Medical and related assistants,Medical or related assistant
65,6500,Medical and related assistants,Medical or related assistant
79,7990,"Medical, dental, veterinary and related workers not elsewhere classified","Other medical, dental, veterinary or related worker"
65,6500,Medical and related assistants,Medical or related assistant
132,,Teachers not in higher education,
131,13100,Teacher (higher education),Teacher (higher education)
139,13990,Teachers nec ,Other teaching personnel
399,39900,Other specified clerks,Other specified clerks
151,,Authors and writers nec,
152,15230,"Editors, journalists, reporters and correspondents","Journalists, Reporters, and Correspondents"
159,15900,Writers nfs and nec,Other writers
199,19990,"Other professional, technical and related workers","Other professional, technical and related workers nec"
199,19990,"Other professional, technical and related workers","Other professional, technical and related workers nec"
199,19990,"Other professional, technical and related workers","Other professional, technical and related workers nec"
199,19990,"Other professional, technical and related workers","Other professional, technical and related workers nec"
191,19100,"Librarians, archivists and curators","Librarians, archivists and curators"
27,2700,Mining engineers,Mining engineer
22,2200,Civil engineers,Civil engineer
30,,Surveyors,
27,2700,Mining engineers,Mining engineer
22,2200,Civil engineers,Civil engineer
30,3010,Surveyors,"Surveyor, general and nfs"
161,16130,Visual artists and art teachers,Artistic painters
161,16120,Visual artists and art teachers,Sculptors
21,2100,Architects,Architects
161,16150,Visual artists and art teachers,Engraver or etcher (artistic)
164,16400,Engravers nec ,Engravers
163,16300,Photographers,Photographers
171,17120,"Musicians, music teachers, and others in music",Musical performer or musician nfs
173,17300,Actors and related workers,Actors and related workers
21,2100,Architects,Architects
161,16110,Visual artists and art teachers,Artist nfs or art teacher
173,17300,Actors and related workers,Actors and related workers
599,59990,Other service workers,Service workers nec 
540,54090,"Servants, maids and housekeeping service workers nec",Other specified servants
139,13920,Teachers nec ,Governess
540,54020,"Servants, maids and housekeeping service workers nec","Maid, domestic or house servants nfs"
985,98520,Drivers,"Driver, private"
985,98520,Drivers,"Driver, private"
627,62711,"Farm labourers: garden and nursery workers, including non-farm gardeners",domestic gardeners
649,64990,Other related workers in fishing and hunting nec,"Other fishermen, hunters and related workers"
584,58430,Members of military forces,Other members of the armed forces
532,53290,"Waiters, bartenders and related workers",Other food and drink service workers 
585,58500,Prison keepers and guards,Prison keepers and guards
370,37040,"Postal and related clerks, mail carriers, and messengers",Messenger
540,54090,"Servants, maids and housekeeping service workers nec",Other specified servants
649,64990,Other related workers in fishing and hunting nec,"Other fishermen, hunters and related workers"
551,55100,Caretakers and janitors,Caretakers and janitors
540,54090,"Servants, maids and housekeeping service workers nec",Other specified servants
551,55100,Caretakers and janitors,Caretakers and janitors
531,53102,Cooks,Cook (not domestic)
531,53102,Cooks,Cook (not domestic)
531,53102,Cooks,Cook (not domestic)
531,53101,Cooks,Cook (domestic)
540,54010,"Servants, maids and housekeeping service workers nec",Servants nfs
540,54010,"Servants, maids and housekeeping service workers nec",Servants nfs
552,55200,"Charworkers, cleaners and related workers",Charworker
560,56000,"Launderers, dry-cleaners and pressers","Launderers, dry cleaners, pressers, and related workers"
570,57040,"Hairdresser, barbers, beauticians and related workers",Bath attendants
139,13920,Teachers nec ,Governess
540,54010,"Servants, maids and housekeeping service workers nec",Servants nfs
540,54090,"Servants, maids and housekeeping service workers nec",Other specified servants
552,55230,"Charworkers, cleaners and related workers",Window cleaners
410,41010,Working proprietors (wholesale and retail trade),"Dealer, merchant etc (wholesale or retail trade)"
430,43010,"Agent, brokers, and commercial travelers","Agent, nfs"
430,43090,"Agent, brokers, and commercial travelers",Other specialized agents
430,,"Agent, brokers, and commercial travelers",
110,11010,Accountants and auditors,Accountant
443,,Auctioneers and appraisers,
443,44330,Auctioneers and appraisers,Appraisers
211,21192,"Manufacturers, owners and executive officials",Executive officer of large scale productive company
393,39310,Office clerks nec,"Office clerks, specialization unknown"
211,21182,"Manufacturers, owners and executive officials","Executive officer, finance company"
331,33130,Bookkeepers and cashiers,Bank clerks
441,44110,"Insurance, Real Estate and Securities Salesmen","Insurance, Real Estate or Securities Salesmen, nfs"
393,39310,Office clerks nec,"Office clerks, specialization unknown"
441,44120,"Insurance, Real Estate and Securities Salesmen",Insurance salesmen and agents
241,24100,Inspectors,Inspectors
332,33210,Railway clerks (UK) and railway agents (CAN/US),Railway clerks
983,,Railway/Railroad Locomotive operators,
360,36020,Transport conductors,Railway guard
984,98430,Other skilled railway workers,Railway signallers
984,,Other skilled railway workers,
974,97430,"Road, railway, waterway and related construction labourers (excavators and earth moving road workers)","Railway builders, workers and labourers"
984,98490,Other skilled railway workers,Other railway workers
971,97130,Dockers and freight handlers,Railway freight handlers
984,98490,Other skilled railway workers,Other railway workers
211,21160,Proprietors,"Proprietor, other transport and communications"
410,41010,Working proprietors (wholesale and retail trade),"Dealer, merchant etc (wholesale or retail trade)"
410,41010,Working proprietors (wholesale and retail trade),"Dealer, merchant etc (wholesale or retail trade)"
985,,Drivers,
624,62460,Farm labourers: livestock workers and non-farm livestock caretakers ,Horse workers
985,98530,Drivers,"Driver (personal, for hire)"
985,,Drivers,
985,98590,Drivers,Other drivers
971,97190,Dockers and freight handlers,Other freight handlers
985,98550,Drivers,Driver (general haulage)
360,,Transport conductors,
971,97190,Dockers and freight handlers,Other freight handlers
711,71190,Miners and quarrymen,Others working in mines and quarries
985,98540,Drivers,Driver (public)
985,98540,Drivers,Driver (public)
360,36040,Transport conductors,"Bus, tram or streetcar conductor"
989,98900,Other transport equipment operators,Other transport equipment operators
985,98540,Drivers,Driver (public)
360,36040,Transport conductors,"Bus, tram or streetcar conductor"
989,98900,Other transport equipment operators,Other transport equipment operators
331,33170,Bookkeepers and cashiers,Toll collectors
814,81400,Production and related workers nec,Other production and related workers nec
42,4250,Ships officers,Ship's navigating officers and ship's mates
982,98200,Ship's engine men,Ship's engine men
520,52030,Housekeepers and housekeeping service supervisors,Steward
981,98120,Sailors and boatmen,Seamen
42,4260,Ships officers and pilots,Ship and boat pilots
981,98130,Sailors and boatmen,Boatmen and canalmen
42,4290,Ships officers and pilots,Other ships’ officers and pilot
211,21160,Proprietors,"Proprietor, other transport and communications"
42,4290,Ships officers and pilots,Other ships’ officers and pilot
971,97120,Dockers and freight handlers,Ship boat loaders and dock workers 
971,97190,Dockers and freight handlers,Other freight handlers
971,97190,Dockers and freight handlers,Other freight handlers
391,39100,"Stock, weight and shipping clerks","Stock, weight and shipping clerks"
971,97190,Dockers and freight handlers,Other freight handlers
370,,"Postal and related clerks, mail carriers, and messengers",
380,,Telephone and telegraph operators,
611,61110,General farmers and farmers nfs,General farmers and farmers nfs
611,61110,General farmers and farmers nfs,General farmers and farmers nfs
621,62113,"Farm labourers and helpers, general farming and nfs  ",Farmer's sons and other male relatives
621,62113,"Farm labourers and helpers, general farming and nfs  ",Farmer's sons and other male relatives
614,61400,Farm Managers,"Farm managers, foremen and supervisors "
624,62430,Farm labourers: livestock workers and non-farm livestock caretakers ,Sheep workers
624,62420,Farm labourers: livestock workers and non-farm livestock caretakers ,"Cattle workers, except specified dairy "
624,62460,Farm labourers: livestock workers and non-farm livestock caretakers ,Horse workers
621,62110,"Farm labourers and helpers, general farming and nfs  ","Farm labourers and helpers, general and nfs"
631,63110,Logging workers and wood cutters,"Woodsmen and workers in the woods, nfs"
612,61250,Specialized farmers,Nurserymen and florists
612,61240,Specialized farmers,Market gardeners
627,62710,"Farm labourers: garden and nursery workers, including non-farm gardeners",Gardeners nfs
451,45190,Salespeople,"Other Salesmen, Shop Assistants and Demonstrators"
629,62990,Agricultural and animal husbandry workers nec,Others in agricultural or husbandry
974,97490,"Road, railway, waterway and related construction labourers (excavators and earth moving road workers)","Other road, railway and related construction labourers"
649,64970,Other related workers in fishing and hunting nec,Trapper or hunter
629,62920,Agricultural and animal husbandry workers nec,Other animal workers
649,64970,Other related workers in fishing and hunting nec,Trapper or hunter
953,95330,Roofers,Thatchers
743,74390,Charcoal and coal product makers,Other coal product makers
641,64100,Fishermen,Fishermen
613,61320,Farmer and fisherman,Farmer and fisherman
711,71120,Miners and quarrymen,Miner
711,71120,Miners and quarrymen,Miner
711,71120,Miners and quarrymen,Miner
974,97430,"Road, railway, waterway and related construction labourers (excavators and earth moving road workers)","Railway builders, workers and laborers"
711,71120,Miners and quarrymen,Miner
27,2700,Mining engineers,Mining engineer
211,21140,Proprietors,"Proprietor, mining, quarrying, oil and natural gas extraction"
711,71190,Miners and quarrymen,Others working in mines and quarries
743,74390,Charcoal and coal product makers,Other coal product makers
743,74390,Charcoal and coal product makers,Other coal product makers
743,74390,Charcoal and coal product makers,Other coal product makers
711,71120,Miners and quarrymen,Miner
711,71120,Miners and quarrymen,Miner
711,71120,Miners and quarrymen,Miner
711,71120,Miners and quarrymen,Miner
711,71120,Miners and quarrymen,Miner
711,71120,Miners and quarrymen,Miner
711,71120,Miners and quarrymen,Miner
211,21140,Proprietors,"Proprietor, mining, quarrying, oil and natural gas extraction"
711,71190,Miners and quarrymen,Others working in mines and quarries
221,22130,Superintendents and managers,"Superintendents and managers, mining, quarrying etc"
221,22130,Superintendents and managers,"Superintendents and managers, mining, quarrying etc"
221,22130,Superintendents and managers,"Superintendents and managers, mining, quarrying etc"
221,22130,Superintendents and managers,"Superintendents and managers, mining, quarrying etc"
211,21140,Proprietors,"Proprietor, mining, quarrying, oil and natural gas extraction"
211,21140,Proprietors,"Proprietor, mining, quarrying, oil and natural gas extraction"
211,21140,Proprietors,"Proprietor, mining, quarrying, oil and natural gas extraction"
211,21140,Proprietors,"Proprietor, mining, quarrying, oil and natural gas extraction"
711,71130,Miners and quarrymen,Quarryman
711,71130,Miners and quarrymen,Quarryman
820,82000,Stone carvers or cutters and stone yard workers,Stone carvers or cutters and stone yard workers
711,71130,Miners and quarrymen,Quarryman
820,82000,Stone carvers or cutters and stone yard workers,Stone carvers or cutters and stone yard workers
896,89630,"Lime, plaster and cement manufacturing workers",Lime burners
711,71130,Miners and quarrymen,Quarryman
711,71130,Miners and quarrymen,Quarryman
711,71130,Miners and quarrymen,Quarryman
949,94990,Other production and related workers,Other production and related workers nec
943,94300,Non-metallic mineral product manufacturing workers,Non-metallic mineral product maker
410,41015,Working proprietors (wholesale and retail trade),"Merchants, specified large-scale wholesaling"
410,41015,Working proprietors (wholesale and retail trade),"Merchants, specified large-scale wholesaling"
410,41015,Working proprietors (wholesale and retail trade),"Merchants, specified large-scale wholesaling"
410,41010,Working proprietors (wholesale and retail trade),"Dealer, merchant etc (wholesale or retail trade)"
410,41015,Working proprietors (wholesale and retail trade),"Merchants, specified large-scale wholesaling"
410,41010,Working proprietors (wholesale and retail trade),"Dealer, merchant etc (wholesale or retail trade)"
721,72100,"Metal smelting, converting and refining furnacemen",Metal smelters and furnacemen
722,72200,Metal rollers and workers in metal rolling mills,Metal rollers
724,72400,Metal casters and workers in metal casting plants,Metal casters and workers in metal casting plants
721,72100,"Metal smelting, converting and refining furnacemen",Metal smelters and furnacemen
721,72100,"Metal smelting, converting and refining furnacemen",Metal smelters and furnacemen
722,72200,Metal rollers and workers in metal rolling mills,Metal rollers
873,87330,Sheet metal manufacturing and related workers,Coppersmith or copperware maker
720,72000,"Metal workers, specialisation unknown","Metal workers, specialisation unknown"
720,72000,"Metal workers, specialisation unknown","Metal workers, specialisation unknown"
720,72000,"Metal workers, specialisation unknown","Metal workers, specialisation unknown"
721,72100,"Metal smelting, converting and refining furnacemen",Metal smelters and furnacemen
720,72000,"Metal workers, specialisation unknown","Metal workers, specialisation unknown"
832,83230,Tool and pattern makers and related workers,Pattern makers nfs and nec
832,83230,Tool and pattern makers and related workers,Pattern makers nfs and nec
832,83230,Tool and pattern makers and related workers,Pattern makers nfs and nec
832,83230,Tool and pattern makers and related workers,Pattern makers nfs and nec
832,83230,Tool and pattern makers and related workers,Pattern makers nfs and nec
841,84120,"Mechanics, millwrights and machine manufacturing workers",Millwright
724,72400,Metal casters and workers in metal casting plants,Metal casters and workers in metal casting plants
724,72400,Metal casters and workers in metal casting plants,Metal casters and workers in metal casting plants
831,83150,Blacksmiths and related workers,Farrier or horse shoer
831,83120,Blacksmiths and related workers,Blacksmith
841,,"Mechanics, millwrights and machine manufacturing workers",
841,84130,"Mechanics, millwrights and machine manufacturing workers","Machine makers, builders and fitters"
841,84130,"Mechanics, millwrights and machine manufacturing workers","Machine makers, builders and fitters"
841,,"Mechanics, millwrights and machine manufacturing workers",
835,83520,"Cutlers, Metal Grinders, Polishers and Sharpeners",Metal polishers and finishers
873,87330,Sheet metal manufacturing and related workers,Coppersmith or copperware maker
834,83400,Machinists,Machinists
834,83400,Machinists,Machinists
834,83400,Machinists,Machinists
834,83400,Machinists,Machinists
834,83400,Machinists,Machinists
841,84190,"Mechanics, millwrights and machine manufacturing workers",Other machinery fitters and machine assemblers
873,87350,Sheet metal manufacturing and related workers,Boiler maker
841,84190,"Mechanics, millwrights and machine manufacturing workers",Other machinery fitters and machine assemblers
841,84190,"Mechanics, millwrights and machine manufacturing workers",Other machinery fitters and machine assemblers
841,84190,"Mechanics, millwrights and machine manufacturing workers",Other machinery fitters and machine assemblers
841,84190,"Mechanics, millwrights and machine manufacturing workers",Other machinery fitters and machine assemblers
841,84190,"Mechanics, millwrights and machine manufacturing workers","Mechanics, millwrights and machine manufacturing workers"
841,84190,"Mechanics, millwrights and machine manufacturing workers","Mechanics, millwrights and machine manufacturing workers"
874,87430,Structural metal workers,Rivetters nec
32,3200,Technicians,Technician
851,85100,Electrical manufacturing workers,Electrical fitter or electrical equipment assembler
851,85100,Electrical manufacturing workers,Electrical fitter or electrical equipment assembler
851,85100,Electrical manufacturing workers,Electrical fitter or electrical equipment assembler
855,85500,Electricians and wiremen,Electrician or wireman
849,84900,Machinery manufacturing workers nec ,Others in machinery
838,83830,Metal product manufacturing workers nec ,Agricultural implement and related products manufacturing workers
832,83210,Tool and pattern makers and related workers,"Toolmakers, nfs"
832,83290,Tool and pattern makers and related workers,Other toolmakers and metal markers
831,83160,Blacksmiths and related workers,Specialized makers of forged metal products
838,83820,Metal product manufacturing workers nec ,Sawmakers
835,,"Cutlers, Metal Grinders, Polishers and Sharpeners",
838,83890,Metal product manufacturing workers nec ,Other metal workers nec
838,83890,Metal product manufacturing workers nec ,Other metal workers nec
838,83890,Metal product manufacturing workers nec ,Other metal workers nec
759,75990,Specialized textile workers nec,Other specialised textile workers
724,72400,Metal casters and workers in metal casting plants,Metal casters and workers in metal casting plants
838,83890,Metal product manufacturing workers nec ,Other metal workers nec
836,83600,Firearms manufacturing workers,Gunsmith
742,74200,Gunpowder and explosivers maker,Gunpowder and explosivers maker
742,74200,Gunpowder and explosivers maker,Gunpowder and explosivers maker
835,83540,"Cutlers, Metal Grinders, Polishers and Sharpeners",Cutlers and cutting instrument makers
838,83850,Metal product manufacturing workers nec ,Nailers and nail makers
838,83890,Metal product manufacturing workers nec ,Other metal workers nec
831,83160,Blacksmiths and related workers,Specialized makers of forged metal products
838,83890,Metal product manufacturing workers nec ,Other metal workers nec
838,83890,Metal product manufacturing workers nec ,Other metal workers nec
838,83890,Metal product manufacturing workers nec ,Other metal workers nec
838,83890,Metal product manufacturing workers nec ,Other metal workers nec
838,83860,Metal product manufacturing workers nec ,Wire makers
838,83860,Metal product manufacturing workers nec ,Wire makers
838,83860,Metal product manufacturing workers nec ,Wire makers
837,83700,Lock and key manufacturing workers,Locksmith
838,83890,Metal product manufacturing workers nec ,Other metal workers nec
838,83890,Metal product manufacturing workers nec ,Other metal workers nec
880,88040,Jewellery and precious metal workers,Silversmiths
838,83890,Metal product manufacturing workers nec ,Other metal workers nec
721,72100,"Metal smelting, converting and refining furnacemen",Metal smelters and furnacemen
873,87340,Sheet metal manufacturing and related workers,"Tinsmith, tinner, or tinker"
873,87330,Sheet metal manufacturing and related workers,Coppersmith or copperware maker
838,83890,Metal product manufacturing workers nec ,Other metal workers nec
838,83890,Metal product manufacturing workers nec ,Other metal workers nec
838,83890,Metal product manufacturing workers nec ,Other metal workers nec
838,83890,Metal product manufacturing workers nec ,Other metal workers nec
838,83890,Metal product manufacturing workers nec ,Other metal workers nec
838,83890,Metal product manufacturing workers nec ,Other metal workers nec
838,83890,Metal product manufacturing workers nec ,Other metal workers nec
838,83890,Metal product manufacturing workers nec ,Other metal workers nec
838,83890,Metal product manufacturing workers nec ,Other metal workers nec
838,83890,Metal product manufacturing workers nec ,Other metal workers nec
838,83890,Metal product manufacturing workers nec ,Other metal workers nec
720,72000,"Metal workers, Specialisation Unknown","Metal workers, Specialisation Unknown"
838,83890,Metal product manufacturing workers nec ,Other metal workers nec
873,87340,Sheet metal manufacturing and related workers,"Tinsmith, tinner, or tinker"
835,83520,"Cutlers, Metal Grinders, Polishers and Sharpeners",Metal polishers and finishers
838,83890,Metal product manufacturing workers nec ,Other metal workers nec
838,83890,Metal product manufacturing workers nec ,Other metal workers nec
838,83890,Metal product manufacturing workers nec ,Other metal workers nec
724,72400,Metal casters and workers in metal casting plants,Metal casters and workers in metal casting plants
838,83890,Metal product manufacturing workers nec ,Other metal workers nec
873,87390,Sheet metal manufacturing and related workers,Other sheet metal workers
838,83890,Metal product manufacturing workers nec ,Other metal workers nec
875,87530,Ship and boat construction workers,Shipwright or ship joiner
875,87530,Ship and boat construction workers,Shipwright or ship joiner
875,87590,Ship and boat construction workers,Other ship builders
875,87530,Ship and boat construction workers,Shipwright or ship joiner
875,87530,Ship and boat construction workers,Shipwright or ship joiner
875,87520,Ship and boat construction workers,Ship and boat builders
875,87550,Ship and boat construction workers,"Block, mast, and tackle maker"
875,87590,Ship and boat construction workers,Other ship builders
875,87590,Ship and boat construction workers,Other ship builders
875,87590,Ship and boat construction workers,Other ship builders
875,87590,Ship and boat construction workers,Other ship builders
875,87590,Ship and boat construction workers,Other ship builders
972,97220,Riggers and cable splicers,Ship riggers
410,41010,Working proprietors (wholesale and retail trade),"Dealer, merchant etc (wholesale or retail trade)"
799,79920,Cloth and related product manufacturing workers nec,"Sail, tent and awning makers"
813,81300,"Coach, carriage, cart and wagon makers","Coach, carriage, cart and wagon makers"
813,81300,"Coach, carriage, cart and wagon makers","Coach, carriage, cart and wagon makers"
843,84300,Bicycle manufacturing workers,Bicycle makers
844,84400,Motor vehicle manufacturing and repair workers,"Motor vehicle manufacturing and repair workers, specialization unknown"
844,84460,Motor vehicle manufacturing and repair workers,Automobile manufacturing workers
813,81300,"Coach, carriage, cart and wagon makers","Coach, carriage, cart and wagon makers"
814,81400,Wheelwrights,Wheelwright
813,81300,"Coach, carriage, cart and wagon makers","Coach, carriage, cart and wagon makers"
949,94990,Other production and related workers,Production and related workers nec
410,41010,Working proprietors (wholesale and retail trade),"Dealer, merchant etc (wholesale or retail trade)"
410,41010,Working proprietors (wholesale and retail trade),"Dealer, merchant etc (wholesale or retail trade)"
410,41015,Working proprietors (wholesale and retail trade),"Merchants, specified large-scale wholesaling"
410,41015,Working proprietors (wholesale and retail trade),"Merchants, specified large-scale wholesaling"
410,41010,Working proprietors (wholesale and retail trade),"Dealer, merchant etc (wholesale or retail trade)"
410,41010,Working proprietors (wholesale and retail trade),"Dealer, merchant etc (wholesale or retail trade)"
410,41010,Working proprietors (wholesale and retail trade),"Dealer, merchant etc (wholesale or retail trade)"
410,41015,Working proprietors (wholesale and retail trade),"Merchants, specified large-scale wholesaling"
410,41015,Working proprietors (wholesale and retail trade),"Merchants, specified large-scale wholesaling"
410,41015,Working proprietors (wholesale and retail trade),"Merchants, specified large-scale wholesaling"
410,41015,Working proprietors (wholesale and retail trade),"Merchants, specified large-scale wholesaling"
410,41015,Working proprietors (wholesale and retail trade),"Merchants, specified large-scale wholesaling"
410,41015,Working proprietors (wholesale and retail trade),"Merchants, specified large-scale wholesaling"
880,88020,Jewellery and precious metal workers,Jeweller
880,88050,Jewellery and precious metal workers,Working with gems and stones
880,,Jewellery and precious metal workers,
880,,Jewellery and precious metal workers,
842,84220,"Watch, clock and precision instrument manufacturing workers",Watch and clock makers
842,84290,"Watch, clock and precision instrument manufacturing workers",Other specialized instrument makers (not musical instruments)
842,84290,"Watch, clock and precision instrument manufacturing workers",Other specialized instrument makers (not musical instruments)
842,84290,"Watch, clock and precision instrument manufacturing workers",Other specialized instrument makers (not musical instruments)
842,84290,"Watch, clock and precision instrument manufacturing workers",Other specialized instrument makers (not musical instruments)
842,84290,"Watch, clock and precision instrument manufacturing workers",Other specialized instrument makers (not musical instruments)
842,84290,"Watch, clock and precision instrument manufacturing workers",Other specialized instrument makers (not musical instruments)
941,94120,Musical instrument manufacturing workers,Piano makers
941,94190,Musical instrument manufacturing workers,Other musical instrument makers and tuners
949,94940,Other production and related workers,Toy (and doll) makers
949,94990,Other production and related workers,Production and related workers nec
949,94940,Other production and related workers,Toy (and doll) makers
410,41010,Working proprietors (wholesale and retail trade),"Dealer, merchant etc (wholesale or retail trade)"
410,41010,Working proprietors (wholesale and retail trade),"Dealer, merchant etc (wholesale or retail trade)"
410,41010,Working proprietors (wholesale and retail trade),"Dealer, merchant etc (wholesale or retail trade)"
410,41010,Working proprietors (wholesale and retail trade),"Dealer, merchant etc (wholesale or retail trade)"
949,94940,Other production and related workers,Toy (and doll) makers
410,41010,Working proprietors (wholesale and retail trade),"Dealer, merchant etc (wholesale or retail trade)"
410,41010,Working proprietors (wholesale and retail trade),"Dealer, merchant etc (wholesale or retail trade)"
212,21230,Contractors and builders,Builders
953,95330,Roofers,Thatchers
959,95910,Building construction workers nec,Construction workers nec
974,97410,"Road, railway, waterway and related construction labourers (excavators and earth moving road workers)","Navvy, excavator and digger nfs"
954,95410,"Carpenters, joiners and parquetry workers",Carpenter and joiner
954,95420,"Carpenters, joiners and parquetry workers",Carpenter
838,83890,Metal product manufacturing workers nec ,Other metal workers nec
951,95120,"Bricklayers, stonemasons and tile setters",Bricklayer
951,95120,"Bricklayers, stonemasons and tile setters",Bricklayer
951,95110,"Bricklayers, stonemasons and tile setters",Mason nfs
951,95110,"Bricklayers, stonemasons and tile setters",Mason nfs
953,95320,Roofers,Slate and tile roofers
951,95140,"Bricklayers, stonemasons and tile setters",Plasterer
951,95140,"Bricklayers, stonemasons and tile setters",Plasterer
959,95940,Building construction workers nec,Whitewasher
959,95920,Building construction workers nec,Paperhanger
931,93120,Painting workers,"Painters, construction"
957,95700,Glaziers,Glazier
161,16120,Visual artists and art teachers,Sculptors
951,95130,"Bricklayers, stonemasons and tile setters",Stone masons
871,,Plumbers and pipe fitting workers,
871,87130,Plumbers and pipe fitting workers,Pipe fitters
837,83700,Lock and key manufacturing workers,Locksmith
212,21220,Contractors and builders,Construction contractors
212,21290,Contractors and builders,Other specified contractors
974,97490,"Road, railway, waterway and related construction labourers (excavators and earth moving road workers)","Other road, railway and related construction labourers"
974,97440,"Road, railway, waterway and related construction labourers (excavators and earth moving road workers)","Waterway and harbour builders, workers and labourers"
974,97490,"Road, railway, waterway and related construction labourers (excavators and earth moving road workers)","Other road, railway and related construction labourers"
713,71300,"Well-drillers, borers and related workers","Well-drillers, borers or related worker"
212,21290,Contractors and builders,Other specified contractors
951,95150,"Bricklayers, stonemasons and tile setters",Pavior
974,97490,"Road, railway, waterway and related construction labourers (excavators and earth moving road workers)","Other road, railway and related construction labourers"
811,81120,"Cabinet, furniture and chair makers",Cabinet makers
811,81190,"Cabinet, furniture and chair makers",Other furniture makers
931,93190,Painting workers,Other specialized painters nec
796,79620,Upholsterers and related workers,Upholsterers
871,87120,Plumbers and pipe fitting workers,Plumbers
838,83890,Metal product manufacturing workers nec ,Other metal workers nec
841,84130,"Mechanics, millwrights and machine manufacturing workers","Machine makers, builders and fitters"
592,59200,Undertakers and embalmers,Undertakers and embalmers
812,81250,Woodworkers and woodwork manufacturing workers nec,Wood carvers
934,93400,Gilders,Gilders
942,94290,"Straw, wicker, bristle and related manufacturing workers",Bristle and straw workers nec
942,94290,"Straw, wicker, bristle and related manufacturing workers",Bristle and straw workers nec
410,41010,Working proprietors (wholesale and retail trade),"Dealer, merchant etc (wholesale or retail trade)"
410,41010,Working proprietors (wholesale and retail trade),"Dealer, merchant etc (wholesale or retail trade)"
410,41010,Working proprietors (wholesale and retail trade),"Dealer, merchant etc (wholesale or retail trade)"
410,41010,Working proprietors (wholesale and retail trade),"Dealer, merchant etc (wholesale or retail trade)"
732,73200,"Sawyer, and other titled wood/sawmill operatives","Sawyer, and other titled wood/sawmill operatives"
819,81990,Wooden product manufacturing workers nec,Other makers of wooden products
812,81230,Woodworkers and woodwork manufacturing workers nec,Wood turners and handle makers
817,81710,Wooden and paper box manufacturing workers,Box makers nfs
815,81500,Cooperage and related manufacturing workers,"Coopers, hoop makers and benders"
632,63290,"Forestry workers, except logging",Other forestry workers
631,63120,Logging workers and wood cutters,"Lumbermen, loggers and kindred workers"
942,94240,"Straw, wicker, bristle and related manufacturing workers",Broom makers
819,81990,Wooden product manufacturing workers nec,Other makers of wooden products
410,41015,Working proprietors (wholesale and retail trade),"Merchants, specified large-scale wholesaling"
410,41015,Working proprietors (wholesale and retail trade),"Merchants, specified large-scale wholesaling"
893,89300,Brick and tile manufacturing workers,Brick and tile makers
896,89620,"Lime, plaster and cement manufacturing workers",Cement makers
892,89200,Pottery and porcelain manufacturing workers,Pottery and porcelain makers and workers 
892,89200,Pottery and porcelain manufacturing workers,Pottery and porcelain makers and workers 
891,89120,Glass manufacturing workers,Glass makers
891,89130,Glass manufacturing workers,Glass bottle makers
891,89120,Glass manufacturing workers,Glass makers
410,41010,Working proprietors (wholesale and retail trade),"Dealer, merchant etc (wholesale or retail trade)"
410,41010,Working proprietors (wholesale and retail trade),"Dealer, merchant etc (wholesale or retail trade)"
410,41010,Working proprietors (wholesale and retail trade),"Dealer, merchant etc (wholesale or retail trade)"
746,,Paint and dye manufacturing workers,
746,74640,Paint and dye manufacturing workers,"Ink, blacking, coloring etc makers"
742,74200,Gunpowder and explosives makers,Gunpowder and explosives makers
742,74200,Gunpowder and explosives makers,Gunpowder and explosives makers
949,94990,Other production and related workers,Other production and related workers nec
410,41015,Working proprietors (wholesale and retail trade),"Merchants, specified large-scale wholesaling"
11,1100,Chemists,Chemists
744,74430,Other mineral-based product makers,Alkali and soda makers
410,41010,Working proprietors (wholesale and retail trade),"Dealer, merchant etc (wholesale or retail trade)"
410,41010,Working proprietors (wholesale and retail trade),"Dealer, merchant etc (wholesale or retail trade)"
745,74500,Oil millers ,Oil mill workers
741,74100,Drug workers,Drug workers
747,74720,Animal fat and bone produce makers,"Tallow chandlers, candle makers and grease"
747,74730,Animal fat and bone produce makers,Soap or perfume maker
749,74920,Chemical manufacturing workers nec,Fertilizer or manure maker
901,90100,Rubber and plastic manufacturing workers,Rubber product maker
901,90100,Rubber and plastic manufacturing workers,Rubber product maker
747,74740,Animal fat and bone produce makers,"Glue, size, gelatin[e] makers"
749,74990,Chemical manufacturing workers nec,Other specified chemical workers
749,74990,Chemical manufacturing workers nec,Other specified chemical workers
749,74990,Chemical manufacturing workers nec,Other specified chemical workers
747,74750,Animal fat and bone produce makers,Wax or polish makers
746,74620,Paint and dye manufacturing workers,Paint and varnish makers
410,41010,Working proprietors (wholesale and retail trade),"Dealer, merchant etc (wholesale or retail trade)"
746,74620,Paint and dye manufacturing workers,Paint and varnish makers
410,41010,Working proprietors (wholesale and retail trade),"Dealer, merchant etc (wholesale or retail trade)"
410,41015,Working proprietors (wholesale and retail trade),"Merchants, specified large-scale wholesaling"
410,41010,Working proprietors (wholesale and retail trade),"Dealer, merchant etc (wholesale or retail trade)"
410,41010,Working proprietors (wholesale and retail trade),"Dealer, merchant etc (wholesale or retail trade)"
410,41010,Working proprietors (wholesale and retail trade),"Dealer, merchant etc (wholesale or retail trade)"
410,41010,Working proprietors (wholesale and retail trade),"Dealer, merchant etc (wholesale or retail trade)"
792,79200,Fur garment manufacturing workers,Furrier or fur worker
761,,Leather manufacturing workers,
761,76140,Leather manufacturing workers,Leather curriers and finishers
803,80390,Leather goods manufacturing workers,Other leather goods makers
803,80390,Leather goods manufacturing workers,Other leather goods makers
803,80320,Leather goods manufacturing workers,Saddler or harness maker
942,94290,"Straw, wicker, bristle and related manufacturing workers",Bristle and straw workers nec
942,,"Straw, wicker, bristle and related manufacturing workers",
949,94990,Other production and related workers,Production and related workers nec
799,79990,Cloth and related product manufacturing workers nec,Other cloth and related product manufacturing workers
410,41010,Working proprietors (wholesale and retail trade),"Dealer, merchant etc (wholesale or retail trade)"
410,41010,Working proprietors (wholesale and retail trade),"Dealer, merchant etc (wholesale or retail trade)"
410,41010,Working proprietors (wholesale and retail trade),"Dealer, merchant etc (wholesale or retail trade)"
410,41010,Working proprietors (wholesale and retail trade),"Dealer, merchant etc (wholesale or retail trade)"
733,73300,Papermill machine operators and paper makers,Papermill machine operators and paper makers
733,73300,Papermill machine operators and paper makers,Papermill machine operators and paper makers
949,94990,Other production and related workers,Production and related workers nec
910,91020,Paper and paperboard products makers,Paper and paperboard products makers except boxes
910,91020,Paper and paperboard products makers,Paper and paperboard products makers except boxes
910,91020,Paper and paperboard products makers,Paper and paperboard products makers except boxes
910,91020,Paper and paperboard products makers,Paper and paperboard products makers except boxes
817,81730,Wooden and paper box manufacturing workers,Paper box maker
931,93190,Painting workers,Other specialized painters nec
910,91090,Papermill machine operators and paper makers,Other paper product makers
410,41010,Working proprietors (wholesale and retail trade),"Dealer, merchant etc (wholesale or retail trade)"
410,41010,Working proprietors (wholesale and retail trade),"Dealer, merchant etc (wholesale or retail trade)"
921,92120,"Printing workers, printing and publishing nec and nfs",Compositors
921,92120,"Printing workers, printing and publishing nec and nfs",Compositors
921,92110,"Printing workers, printing and publishing nec and nfs",Printers nfs
923,92300,Stereotypers and electrotypers,Stereotypers and electrotypers
920,92000,Printers nec,Printers nec
921,92110,"Printing workers, printing and publishing nec and nfs",Printers
929,92900,Printing workers nec,Other printers and related workers
929,92900,Printing workers nec,Other printers and related workers
924,92400,Printing engravers,Lithographers
921,92110,"Printing workers, printing and publishing nec and nfs",Printers
31,3100,Surveyors,Surveyors
926,92600,Book bindery workers,Bookbinders and Related Workers
*,,,
211,21194,"Manufacturers, owners and executive officials",Publisher
211,21194,"Manufacturers, owners and executive officials",Publisher
211,21194,"Manufacturers, owners and executive officials",Publisher
430,43030,Manufacturer’s and sales agents,"Agents, brokers and commercial travellers "
751,75100,Fibre preparers,Fibre preparers
752,75200,Spinners and winders,"Spinners, doublers, twisters and winders"
752,75200,Spinners and winders,"Spinners, doublers, twisters and winders"
754,75400,Weavers,Weavers
759,75990,Specialized textile workers nec,Other specialized textile workers
799,79990,Cloth and related product manufacturing workers nec,Other cloth and related product manufacturing workers
795,79540,"Seamstresses, sewing workers nfs and embroiderers",Embroiderers
799,79990,Cloth and related product manufacturing workers nec,Other cloth and related product manufacturing workers
799,79990,Cloth and related product manufacturing workers nec,Other cloth and related product manufacturing workers
751,75100,Fibre preparers,Fibre preparers
751,75100,Fibre preparers,Fibre preparers
752,75200,Spinners and winders,"Spinners, doublers, twisters and winders"
752,75200,Spinners and winders,"Spinners, doublers, twisters and winders"
752,75200,Spinners and winders,"Spinners, doublers, twisters and winders"
752,75200,Spinners and winders,"Spinners, doublers, twisters and winders"
750,75000,"Textile workers, specialization unknown","Textile workers, specialization unknown"
750,75000,"Textile workers, specialization unknown","Textile workers, specialization unknown"
750,75000,"Textile workers, specialization unknown","Textile workers, specialization unknown"
750,75000,"Textile workers, specialization unknown","Textile workers, specialization unknown"
750,75000,"Textile workers, specialization unknown","Textile workers, specialization unknown"
750,75000,"Textile workers, specialization unknown","Textile workers, specialization unknown"
755,75500,Knitters,Knitters
753,75300,Weaving and knitting-machine setters and pattern-card preparers,Weaving and knitting-machine setters and pattern-card preparers
750,75000,"Textile workers, specialization unknown","Textile workers, specialization unknown"
750,75000,"Textile workers, specialization unknown","Textile workers, specialization unknown"
756,75600,"Bleachers, Dyers and Textile Product Finishers","Bleachers, Dyers or Textile Product Finisher"
752,75200,Spinners and winders,"Spinners, doublers, twisters and winders"
750,75000,"Textile workers, specialization unknown","Textile workers, specialization unknown"
754,75400,Weavers,Weavers
759,75990,Specialized textile workers nec,Other specialized textile workers
750,75000,"Textile workers, specialization unknown","Textile workers, specialization unknown"
750,75000,"Textile workers, specialization unknown","Textile workers, specialization unknown"
750,75000,"Textile workers, specialization unknown","Textile workers, specialization unknown"
750,75000,"Textile workers, specialization unknown","Textile workers, specialization unknown"
750,75000,"Textile workers, specialization unknown","Textile workers, specialization unknown"
750,75000,"Textile workers, specialization unknown","Textile workers, specialization unknown"
757,75700,Rope makers,Rope maker
750,75000,"Textile workers, specialization unknown","Textile workers, specialization unknown"
759,75920,Specialized textile workers nec,Net makers
799,79920,Cloth and related product manufacturing workers nec,"Sail, tent and awning makers"
799,79990,Cloth and related product manufacturing workers nec,Other cloth and related product manufacturing workers
799,79920,Cloth and related product manufacturing workers nec,"Sail, tent and awning makers"
750,75000,"Textile workers, specialization unknown","Textile workers, specialization unknown"
750,75000,"Textile workers, specialization unknown","Textile workers, specialization unknown"
755,75500,Knitters,Knitters
754,75400,Weavers,Weavers
759,75990,Specialized textile workers nec,Other specialized textile workers
756,75600,"Bleachers, Dyers and Textile Product Finishers","Bleacher, Dyer or Textile Product Finisher"
750,75000,"Textile workers, specialization unknown","Textile workers, specialization unknown"
799,79990,Cloth and related product manufacturing workers nec,Other cloth and related product manufacturing workers
799,79990,Cloth and related product manufacturing workers nec,Other cloth and related product manufacturing workers
799,79990,Cloth and related product manufacturing workers nec,Other cloth and related product manufacturing workers
793,79390,Hat manufacturing workers,Other hat maker
754,75400,Knitters,Knitters
795,79540,"Seamstresses, sewing workers nfs and embroiderers",Embroiderers
796,79690,Upholsterers and related workers,Other upholsterers and related workers
799,79990,Cloth and related product manufacturing workers nec,Other cloth and related product manufacturing workers
754,75400,Weavers and related workers,Weavers
754,75400,Weavers and related workers,Weavers
750,75000,"Textile workers, specialization unknown","Textile workers, specialization unknown"
750,75000,"Textile workers, specialization unknown","Textile workers, specialization unknown"
756,75600,"Bleachers, Dyers and Textile Product Finishers","Bleacher, Dyer or Textile Product Finisher"
756,75600,"Bleachers, Dyers and Textile Product Finishers","Bleacher, Dyer or Textile Product Finisher"
756,75600,"Bleachers, Dyers and Textile Product Finishers","Bleacher, Dyer or Textile Product Finisher"
756,75600,"Bleachers, Dyers and Textile Product Finishers","Bleacher, Dyer or Textile Product Finisher"
756,75600,"Bleachers, Dyers and Textile Product Finishers","Bleacher, Dyer or Textile Product Finisher"
928,92800,Textile printing workers,Textile printers
928,92800,Textile printing workers,Textile printers
928,92800,Textile printing workers,Textile printers
928,92800,Textile printing workers,Textile printers
756,75600,"Bleachers, Dyers and Textile Product Finishers","Bleacher, Dyer or Textile Product Finisher"
756,75600,"Bleachers, Dyers and Textile Product Finishers","Bleacher, Dyer or Textile Product Finisher"
756,75600,"Bleachers, Dyers and Textile Product Finishers","Bleacher, Dyer or Textile Product Finisher"
756,75600,"Bleachers, Dyers and Textile Product Finishers","Bleacher, Dyer or Textile Product Finisher"
756,75600,"Bleachers, Dyers and Textile Product Finishers","Bleacher, Dyer or Textile Product Finisher"
756,75600,"Bleachers, Dyers and Textile Product Finishers","Bleacher, Dyer or Textile Product Finisher"
756,75600,"Bleachers, Dyers and Textile Product Finishers","Bleacher, Dyer or Textile Product Finisher"
756,75600,"Bleachers, Dyers and Textile Product Finishers","Bleacher, Dyer or Textile Product Finisher"
756,75600,"Bleachers, Dyers and Textile Product Finishers","Bleacher, Dyer or Textile Product Finisher"
756,75600,"Bleachers, Dyers and Textile Product Finishers","Bleacher, Dyer or Textile Product Finisher"
410,41010,Working proprietors (wholesale and retail trade),"Dealer, merchant etc (wholesale or retail trade)"
612,61220,Specialized farmers,Field crop farmers
410,41010,Working proprietors (wholesale and retail trade),"Dealer, merchant etc (wholesale or retail trade)"
410,41010,Working proprietors (wholesale and retail trade),"Dealer, merchant etc (wholesale or retail trade)"
410,41010,Working proprietors (wholesale and retail trade),"Dealer, merchant etc (wholesale or retail trade)"
410,41015,Working proprietors (wholesale and retail trade),"Merchants, specified large-scale wholesaling"
410,41010,Working proprietors (wholesale and retail trade),"Dealer, merchant etc (wholesale or retail trade)"
410,41010,Working proprietors (wholesale and retail trade),"Dealer, merchant etc (wholesale or retail trade)"
410,41010,Working proprietors (wholesale and retail trade),"Dealer, merchant etc (wholesale or retail trade)"
410,41010,Working proprietors (wholesale and retail trade),"Dealer, merchant etc (wholesale or retail trade)"
410,41010,Working proprietors (wholesale and retail trade),"Dealer, merchant etc (wholesale or retail trade)"
410,41010,Working proprietors (wholesale and retail trade),"Dealer, merchant etc (wholesale or retail trade)"
410,41010,Working proprietors (wholesale and retail trade),"Dealer, merchant etc (wholesale or retail trade)"
410,41010,Working proprietors (wholesale and retail trade),"Dealer, merchant etc (wholesale or retail trade)"
410,41010,Working proprietors (wholesale and retail trade),"Dealer, merchant etc (wholesale or retail trade)"
410,41010,Working proprietors (wholesale and retail trade),"Dealer, merchant etc (wholesale or retail trade)"
410,41010,Working proprietors (wholesale and retail trade),"Dealer, merchant etc (wholesale or retail trade)"
942,94290,"Straw, wicker, bristle and related manufacturing workers",Bristle and straw workers nec
793,79340,Hat manufacturing workers,Straw hat maker
793,79330,Hat manufacturing workers,Hat maker
793,79330,Hat manufacturing workers,Hat maker
793,79330,Hat manufacturing workers,Hat maker
793,79320,Hat manufacturing workers,Milliner
793,79330,Hat manufacturing workers,Hat maker
410,41010,Working proprietors (wholesale and retail trade),"Dealer, merchant etc. (wholesale and retail trade)"
791,79120,Garment manufacturing workers,Tailor or tailoress
791,79190,Garment manufacturing workers,Other garment makers
410,41010,Working proprietors (wholesale and retail trade),"Dealer, merchant etc (wholesale or retail trade)"
410,41010,Working proprietors (wholesale and retail trade),"Dealer, merchant etc (wholesale or retail trade)"
791,79130,Garment manufacturing workers,Dressmakers
791,79190,Garment manufacturing workers,Other garment makers
795,79590,"Seamstresses, sewing workers nfs and embroiderers",Other hand sewers
949,94990,Other production and related workers,Production and related workers nec
794,79400,Glove and mitten manufacturing workers,Glove maker or related worker
755,75500,Knitters,Knitters
801,80100,Boot and shoe makers and repairers,Boot and shoe makers and repairers
801,80100,Boot and shoe makers and repairers,Boot and shoe makers and repairers
801,80100,Boot and shoe makers and repairers,Boot and shoe makers and repairers
410,41010,Working proprietors (wholesale and retail trade),"Dealer, merchant etc (wholesale or retail trade)"
799,79940,Cloth and related product manufacturing workers nec,Artificial flower makers
570,57020,"Hairdresser, barbers, beauticians and related workers",Hairdressers
799,79930,Cloth and related product manufacturing workers nec,Umbrella makers
791,79190,Tailors and dress makers,Other garment makers
410,41010,Working proprietors (wholesale and retail trade),"Dealer, merchant etc (wholesale or retail trade)"
410,41010,Working proprietors (wholesale and retail trade),"Dealer, merchant etc (wholesale or retail trade)"
410,41010,Working proprietors (wholesale and retail trade),"Dealer, merchant etc (wholesale or retail trade)"
410,41010,Working proprietors (wholesale and retail trade),"Dealer, merchant etc (wholesale or retail trade)"
410,41010,Working proprietors (wholesale and retail trade),"Dealer, merchant etc (wholesale or retail trade)"
775,77500,"Butter, cheese and dairy product makers","Butter, cheese and dairy product maker"
612,61260,Specialized farmers,Livestock farmers
774,77400,Cannery workers and other food preservers,Cannery workers and other food preservers
775,77500,"Butter, cheese and dairy product makers","Butter, cheese and dairy product maker"
410,41010,Working proprietors (wholesale and retail trade),"Dealer, merchant etc (wholesale or retail trade)"
773,77340,Butchers and meat manufacturing workers,"Slaughterer, meat cutter or meat packer"
773,77310,Butchers and meat manufacturing workers,Butchers
774,77400,Cannery workers and other food preservers,Cannery workers and other food preservers
410,41010,Working proprietors (wholesale and retail trade),"Dealer, merchant etc (wholesale or retail trade)"
410,41010,Working proprietors (wholesale and retail trade),"Dealer, merchant etc (wholesale or retail trade)"
771,77100,Grain mill and other food product milling workers,Millers and related workers
410,41010,Working proprietors (wholesale and retail trade),"Dealer, merchant etc (wholesale or retail trade)"
942,94290,"Straw, wicker, bristle and related manufacturing workers",Bristle and straw workers nec
410,41010,Working proprietors (wholesale and retail trade),"Dealer, merchant etc (wholesale or retail trade)"
776,77690,"Bakery, confectionery and candy making workers",Other baked goods makers
410,41010,Working proprietors (wholesale and retail trade),"Dealer, merchant etc (wholesale or retail trade)"
410,41010,Working proprietors (wholesale and retail trade),"Dealer, merchant etc (wholesale or retail trade)"
772,77200,Sugar refiners,Sugar refiners
774,77400,Cannery workers and other food preservers,Cannery workers and other food preservers
776,77650,"Bakery, confectionery and candy making workers",Chocolate makers
612,61220,Specialized farmers,Field crop farmers
410,41010,Working proprietors (wholesale and retail trade),"Dealer, merchant etc (wholesale or retail trade)"
410,41010,Working proprietors (wholesale and retail trade),"Dealer, merchant etc (wholesale or retail trade)"
778,77840,"Brewers, wine and beverage makers",Maker of soft drinks
774,77400,Cannery workers and other food preservers,Cannery workers and other food preservers
779,77990,Food and beverage processors nec,Other food and beverage processors
612,61220,Specialized farmers,Field crop farmers
410,41010,Working proprietors (wholesale and retail trade),"Dealer, merchant etc (wholesale or retail trade)"
410,41010,Working proprietors (wholesale and retail trade),"Dealer, merchant etc (wholesale or retail trade)"
410,41010,Working proprietors (wholesale and retail trade),"Dealer, merchant etc (wholesale or retail trade)"
781,78100,Tobacco manufacturing workers (primary and nfs),Tobacco preparers and tobacco factory workers
410,41010,Working proprietors (wholesale and retail trade),"Dealer, merchant etc (wholesale or retail trade)"
778,77830,"Brewers, wine and beverage makers",Maltster
778,77820,"Brewers, wine and beverage makers",Brewer
778,77860,"Brewers, wine and beverage makers",Distiller
510,51050,"Working proprietors and managers of catering, lodging and leisure service establishments","Pub, saloon, tavern and coffee house keepers "
510,51040,"Working proprietors and managers of catering, lodging and leisure service establishments",Boarding and lodging house keepers and managers
510,51020,"Working proprietors and managers of catering, lodging and leisure service establishments",Hotel keepers and managers 
510,51050,"Working proprietors and managers of catering, lodging and leisure service establishments","Pub, saloon, tavern and coffee house keepers "
778,77880,"Brewers, wine and beverage makers",Bottlers
599,59990,Other service workers,Service workers nec
532,53230,"Waiters, bartenders and related workers",Bartender
532,53220,"Waiters, bartenders and related workers",Waiter or waitress
532,53220,"Waiters, bartenders and related workers",Waiter or waitress
599,59990,Other service workers,Service workers nec
599,59990,Other service workers,Service workers nec
410,41010,Working proprietors (wholesale and retail trade),"Dealer, merchant etc (wholesale or retail trade)"
871,87130,Plumbers and pipe fitting workers,Pipe fitters
871,87120,Plumbers and pipe fitting workers,Plumbers
855,85500,Electricians and wiremen,Electrician or wireman
857,85700,Electrical and telecommunications line workers,"Linesman, telephone, telegraph or electric"
974,97490,"Road, railway, waterway and related construction labourers (excavators and earth moving road workers)",
552,55250,"Charworkers, cleaners and related workers",Refuse collectors and removers
399,39900,Other specified clerks,Other specified clerks
442,44200,Advertising salesmen,Advertising salesmen
599,59990,Other service workers,Service workers nec
599,59990,Other service workers,Service workers nec
451,45120,Salespeople,"Salespeople, wholesale or retail trade"
624,62410,Farm labourers: livestock workers and non-farm livestock caretakers ,"Livestock workers, general or nfs"
629,62920,Agricultural and Animal Husbandry Workers nec,Other animal workers
410,41010,Working proprietors (wholesale and retail trade),"Dealer, merchant etc (wholesale or retail trade)"
749,74990,Chemical manufacturing workers nec,Other specified chemical worker nec
949,94990,Other production and related workers,Production and related workers nec
949,94990,Other production and related workers,Production and related workers nec
949,94990,Other production and related workers,Production and related workers nec
756,75600,"Bleachers, Dyers and Textile Product Finishers","Bleacher, Dyer or Textile Product Finisher"
933,93330,"Lacquerers, enamellers and japanners",Japanner
552,55240,"Charworkers, cleaners and related workers",Chimney sweep
410,41010,Working proprietors (wholesale and retail trade),"Dealer, merchant etc (wholesale or retail trade)"
179,17900,Performers and performing artists nec ,Performers and performing artists nec 
949,94920,Other production and related workers,"Animal stuffer, taxidermist or shell worker"
929,92900,Printing workers nec,Other printers and related workers
949,94990,Other production and related workers,Production and related workers nec
743,74320,Charcoal and coal product makers,Charcoal burners and makers
949,94990,Other production and related workers,Production and related workers nec
410,41010,Working proprietors (wholesale and retail trade),"Dealer, merchant etc (wholesale or retail trade)"
410,41010,Working proprietors (wholesale and retail trade),"Dealer, merchant etc (wholesale or retail trade)"
410,41010,Working proprietors (wholesale and retail trade),"Dealer, merchant etc (wholesale or retail trade)"
410,41015,Working proprietors (wholesale and retail trade),"Merchants, specified large-scale wholesaling"
410,41010,Working proprietors (wholesale and retail trade),"Dealer, merchant etc (wholesale or retail trade)"
391,39100,"Stock, weight and shipping clerks","Stock, weight and shipping clerks"
410,41010,Working proprietors (wholesale and retail trade),"Dealer, merchant etc (wholesale or retail trade)"
410,41010,Working proprietors (wholesale and retail trade),"Dealer, merchant etc (wholesale or retail trade)"
490,49020,Other dealers and salesworkers nec,Pawnbrokers
452,45220,"Street Vendors, Canvassers and News Vendors","Street sellers, pedlars and hawkers"
221,22190,Superintendents and managers,Superintendents and managers nec
212,21220,Contractors and builders,Construction contractors
490,49040,"Street Vendors, Canvassers and News Vendors",Newsvendors
991,99120,Working nfs,Labourers nfs
991,99130,"Working, nfs",Common laborers or general laborers
969,96900,Stationary engine and related equipment operators nec,Other stationary Engine and Related Equipment Operators
31,3100,Draughtsman,Draughtsman
841,84110,"Mechanics, millwrights and machine manufacturing workers",Mechanic
991,99150,"Working, nfs","Workers, nfs"
992,99200,"Factory laborers, unspecified","Factory laborers, unspecified"
834,83400,Machinists,Machinists
999,99999,Non-occupational response,Non-occupational response
584,58410,Members of military forces,"Military, rank unknown"
584,58410,Members of military forces,"Military, rank unknown"
999,99999,Non-occupational response,Non-occupational response
999,99999,Non-occupational response,Non-occupational response
211,21190,Proprietors,Other owners of large scale productive enterprises
999,99999,Non-occupational response,Non-occupational response
999,99999,Non-occupational response,Non-occupational response
999,99999,Non-occupational response,Non-occupational response
999,99999,Non-occupational response,Non-occupational response
999,99999,Non-occupational response,Non-occupational response
161,16110,Visual artists and art teachers,Artist nfs or art teacher
999,99999,Non-occupational response,Non-occupational response
999,99999,Non-occupational response,Non-occupational response
999,99999,Non-occupational response,Non-occupational response
999,99999,Non-occupational response,Non-occupational response
999,99999,Non-occupational response,Non-occupational response
999,99999,Non-occupational response,Non-occupational response
999,99999,Non-occupational response,Non-occupational response
999,99999,Non-occupational response,Non-occupational response
999,99999,Non-occupational response,Non-occupational response
202,20200,Government administrators,Government administrators
999,99999,Non-occupational response,Non-occupational response
999,99999,Non-occupational response,Non-occupational response
999,99999,Non-occupational response,Non-occupational response
999,99999,Non-occupational response,Non-occupational response
